legacy_url,new_url
/proyecto.php?id=25,/proyectos/apaneca/
/proyecto.php?id=98,/proyectos/apaneca-2/
/proyecto.php?id=125,/proyectos/apaneca-ii/
/proyecto.php?id=145,/proyectos/apaneca-iii/
/proyecto.php?id=151,/proyectos/apaneca-iv/
/proyecto.php?id=105,/proyectos/apartamento-con-terraza/
/proyecto.php?id=22,/proyectos/apartamento-prefabricado/
/proyecto.php?id=117,/proyectos/armenia/
/proyecto.php?id=10,/proyectos/ataco/
/proyecto.php?id=21,/proyectos/atami/
/proyecto.php?id=167,/proyectos/atami-ii/
/proyecto.php?id=30,/proyectos/aulas-fusal/
/proyecto.php?id=40,/proyectos/ayuda-damnificados/
/proyecto.php?id=51,/proyectos/bahia-dorada-ii/
/proyecto.php?id=141,/proyectos/bahia-dorada-iv/
/proyecto.php?id=72,/proyectos/barandas-de-madera/
/proyecto.php?id=59,/proyectos/barra-de-santiago/
/proyecto.php?id=113,/proyectos/barra-de-santiago-2/
/proyecto.php?id=138,/proyectos/barra-de-santiago-3/
/proyecto.php?id=114,/proyectos/berlin/
/proyecto.php?id=84,/proyectos/bodega-finca-juayua/
/proyecto.php?id=122,/proyectos/cabana-el-sunzal/
/proyecto.php?id=95,/proyectos/cangrejera-bungalow/
/proyecto.php?id=7,/proyectos/cangrejera-ii/
/proyecto.php?id=87,/proyectos/cangrejera-iii/
/proyecto.php?id=133,/proyectos/cara-sucia/
/proyecto.php?id=6,/proyectos/casa-cangrejera-i/
/proyecto.php?id=76,/proyectos/chalatenango/
/proyecto.php?id=93,/proyectos/chalatenango-ii/
/proyecto.php?id=140,/proyectos/chalatenango-iii/
/proyecto.php?id=33,/proyectos/club-tecleno/
/proyecto.php?id=57,/proyectos/cojutepeque/
/proyecto.php?id=75,/proyectos/cojutepeque-colono/
/proyecto.php?id=74,/proyectos/cojutepeque-ii/
/proyecto.php?id=78,/proyectos/cojutepeque-iii/
/proyecto.php?id=168,/proyectos/cojutepeque-iv/
/proyecto.php?id=83,/proyectos/comalapa/
/proyecto.php?id=61,/proyectos/comasagua/
/proyecto.php?id=158,/proyectos/comasagua-ii/
/proyecto.php?id=148,/proyectos/condominio-de-san-blas-iii/
/proyecto.php?id=64,/proyectos/condominio-recreacional-san-blas/
/proyecto.php?id=142,/proyectos/cuyultitan/
/proyecto.php?id=67,/proyectos/deck-voladizo/
/proyecto.php?id=160,/proyectos/donacion-villanueva/
/proyecto.php?id=146,/proyectos/el-paisnal/
/proyecto.php?id=102,/proyectos/el-pinalon/
/proyecto.php?id=88,/proyectos/el-zapote/
/proyecto.php?id=100,/proyectos/el-zonte/
/proyecto.php?id=19,/proyectos/finca-apaneca/
/proyecto.php?id=9,/proyectos/finca-lutecia-i/
/proyecto.php?id=62,/proyectos/finca-lutecia-ii/
/proyecto.php?id=162,/proyectos/huizucar/
/proyecto.php?id=115,/proyectos/ilopango/
/proyecto.php?id=63,/proyectos/isla-de-san-blas/
/proyecto.php?id=73,/proyectos/isla-el-cordoncillo-costa-del-sol/
/proyecto.php?id=49,/proyectos/isla-teopan-coatepeque/
/proyecto.php?id=159,/proyectos/jiquilisco/
/proyecto.php?id=149,/proyectos/juayua/
/proyecto.php?id=56,/proyectos/juayua-brisas-del-pinar/
/proyecto.php?id=116,/proyectos/juayua-brisas-del-pinar-iii/
/proyecto.php?id=166,/proyectos/juayua-brisas-del-pinar-iv/
/proyecto.php?id=136,/proyectos/la-hacienda/
/proyecto.php?id=43,/proyectos/lago-de-coatepeque/
/proyecto.php?id=101,/proyectos/lomas-de-san-blas/
/proyecto.php?id=134,/proyectos/lomas-de-san-blas-ii/
/proyecto.php?id=147,/proyectos/lomas-san-blas-iii/
/proyecto.php?id=169,/proyectos/los-cobanos/
/proyecto.php?id=91,/proyectos/lutecia-iii/
/proyecto.php?id=124,/proyectos/moncagua/
/proyecto.php?id=163,/proyectos/morazan/
/proyecto.php?id=131,/proyectos/nahuizalco/
/proyecto.php?id=156,/proyectos/nuevo-cuscatlan/
/proyecto.php?id=128,/proyectos/oficinas-el-carmen/
/proyecto.php?id=37,/proyectos/oficinas-plantel-aguilares/
/proyecto.php?id=38,/proyectos/oficinas-y-bodega-acajutla/
/proyecto.php?id=86,/proyectos/pasaje-kriete/
/proyecto.php?id=106,/proyectos/perquin/
/proyecto.php?id=5,/proyectos/playa-costa-del-sol/
/proyecto.php?id=12,/proyectos/playa-el-amatal/
/proyecto.php?id=42,/proyectos/portal-de-las-orquideas-i-juayua/
/proyecto.php?id=65,/proyectos/portal-de-las-orquideas-ii/
/proyecto.php?id=11,/proyectos/punta-roca-surf-resort/
/proyecto.php?id=130,/proyectos/quezaltepeque/
/proyecto.php?id=161,/proyectos/quezaltepeque-2/
/proyecto.php?id=80,/proyectos/rancho-restaurante/
/proyecto.php?id=68,/proyectos/rancho-hamaquero-2-niveles/
/proyecto.php?id=164,/proyectos/refugio-de-perros-planes-de-renderos/
/proyecto.php?id=157,/proyectos/salcoatitan-2/
/proyecto.php?id=46,/proyectos/salcoatitan/
/proyecto.php?id=165,/proyectos/salcoatitan-iii/
/proyecto.php?id=24,/proyectos/salinitas/
/proyecto.php?id=104,/proyectos/salinitas-ii/
/proyecto.php?id=110,/proyectos/san-ignacio-compostela/
/proyecto.php?id=85,/proyectos/san-jose-el-naranjo/
/proyecto.php?id=129,/proyectos/san-jose-villanueva/
/proyecto.php?id=150,/proyectos/san-jose-villanueva-ii/
/proyecto.php?id=111,/proyectos/san-marcos/
/proyecto.php?id=137,/proyectos/santa-emilia/
/proyecto.php?id=118,/proyectos/sonsonate/
/proyecto.php?id=32,/proyectos/sta-elena-usulutan/
/proyecto.php?id=29,/proyectos/tacuba/
/proyecto.php?id=54,/proyectos/tapial-acajutla/
/proyecto.php?id=123,/proyectos/tapial-acajutla-2/
/proyecto.php?id=60,/proyectos/tapial-barra-de-santiago/
/proyecto.php?id=96,/proyectos/tapial-berlin/
/proyecto.php?id=58,/proyectos/tapial-chalchuapa/
/proyecto.php?id=81,/proyectos/tapial-chirilagua/
/proyecto.php?id=82,/proyectos/tapial-comalapa/
/proyecto.php?id=15,/proyectos/tapial-con-solera/
/proyecto.php?id=52,/proyectos/tapial-condado-sta-elena/
/proyecto.php?id=154,/proyectos/tapial-el-boqueron/
/proyecto.php?id=53,/proyectos/tapial-el-carmen-mountain-valley/
/proyecto.php?id=94,/proyectos/tapial-escuela-opico/
/proyecto.php?id=90,/proyectos/tapial-izalco/
/proyecto.php?id=18,/proyectos/tapial-ladrillo-otros/
/proyecto.php?id=35,/proyectos/tapial-perimetral-chalchuapa/
/proyecto.php?id=16,/proyectos/tapial-repellado-con-teja/
/proyecto.php?id=23,/proyectos/tapial-san-gerardo/
/proyecto.php?id=107,/proyectos/tapial-san-julian/
/proyecto.php?id=155,/proyectos/tapial-san-vicente/
/proyecto.php?id=97,/proyectos/tapial-santa-elena/
/proyecto.php?id=39,/proyectos/tapial-sisado-conchalio/
/proyecto.php?id=36,/proyectos/tapial-sobre-muro-de-piedra/
/proyecto.php?id=71,/proyectos/tapial-volcan-san-salvador/
/proyecto.php?id=120,/proyectos/terraza-21-00-m2/
/proyecto.php?id=126,/proyectos/tonacatepeque/
/proyecto.php?id=119,/proyectos/zacatecoluca/
/proyectos.php,/proyectos/
/servicios.php,/servicios/
/compania.php,/empresa/
/contactenos.php,/contacto/
